,level_0,index,simulation,mean_relative_community_owned_supply,mean_farmer_subsidy_factor,mean_proposing_rewards_per_newly_pledged_space,mean_proposer_reward_minus_voter_reward,cumm_rewards_before_1yr,abs_sum_storage_fees_per_sum_compute_fees,cumm_rewards
mean,9.5,9.5,0.0,0.2539770647664114,0.12909185906151696,7.904038887113255e-13,108682.32622385911,73899359.89090972,754471109.3474351,216771839.86757347
std,5.795330757244024,5.795330757244024,0.0,0.031148194728355103,0.0835550267359053,3.8307643403838034e-13,52674.3818073109,37988478.719473206,534056056.18772805,105061448.80240488
min,0.0,0.0,0.0,0.19829491974713984,0.010712290167161149,1.1508411380518302e-13,15825.560429287832,10511999.824543912,70357716.59288007,31564799.79092875
25%,4.75,4.75,0.0,0.2375869389369815,0.051949271333911605,5.754168188991633e-13,79127.80289763684,52559999.81572188,332005196.3949813,157823999.77870756
50%,9.5,9.5,0.0,0.2640569919617687,0.10708201815252602,9.206587007993698e-13,126604.48474977934,84095999.8113681,682960874.0746988,252518399.77050796
75%,14.25,14.25,0.0,0.26405699205369165,0.19015403735455624,9.20822547414124e-13,126604.4849195794,84095999.96467587,781031675.0200374,252518399.95677862
max,19.0,19.0,0.0,0.3089906396214322,0.3463720907637058,1.3775833542256318e-12,189415.78842938493,147167999.9229606,1785087895.5246642,377798399.90703523
