,level_0,index,simulation,mean_relative_community_owned_supply,mean_farmer_subsidy_factor,mean_proposing_rewards_per_newly_pledged_space,mean_proposer_reward_minus_voter_reward,cumm_rewards_before_1yr,abs_sum_storage_fees_per_sum_compute_fees,cumm_rewards
mean,19.499085505258346,19.499085505258346,0.0,0.25245287817456313,0.14374403784993897,7.033021001127607e-13,96707.74829504953,78849599.9006508,759008531.2872715,192887999.87966934
std,11.543754466550839,11.543754466550839,0.0,0.028279967934193927,0.0919587782724767,3.4987017080530875e-13,48107.08648093288,35835305.741023354,548754120.0401537,95951770.67383058
min,0.0,0.0,0.0,0.20164559902342166,0.011699928653796184,1.3425533639257306e-13,18467.966953141426,15782399.780933943,2622506.0553661264,36835199.747596145
25%,9.0,9.0,0.0,0.23372606751159178,0.07227680585507917,4.651567173534927e-13,63970.06362472968,52559999.828754246,331440495.92656267,127591199.79632846
50%,19.0,19.0,0.0,0.2581991202442835,0.1150175845949879,6.904615091309343e-13,94953.3635833921,84095999.81586337,678341622.7831371,189388799.85098112
75%,29.0,29.0,0.0,0.26894510367890234,0.19928637376069852,9.25592750434586e-13,127272.30620342889,111740399.92355469,1279389186.2294052,253850399.9051615
max,39.0,39.0,0.0,0.3089906396455961,0.42474546134750624,1.3777242120871714e-12,189415.78847875536,147167999.96971953,2043144180.2654488,377798399.96119463
