,simulation,mean_relative_community_owned_supply,mean_farmer_subsidy_factor,mean_proposing_rewards_per_newly_pledged_space,mean_proposer_reward_minus_voter_reward,cumm_rewards_before_1yr,abs_sum_storage_fees_per_sum_compute_fees,cumm_rewards
mean,0.0,0.16641749915024706,0.0007377103444681133,9.424620376835737e-13,112859.97683870676,820799.907354827,967456239.806402,820799.907354827
std,0.0,2.7873435363568505e-05,4.3253355554769106e-05,1.947991597204223e-13,25201.284861470365,183282.0744034804,93867085.48364487,183282.0744034804
min,0.0,0.1663977896550865,0.0007071256034462632,8.047182308758217e-13,95039.97741854719,691199.9096741887,901082187.1306994,691199.9096741887
25%,0.0,0.16640764440266678,0.0007224179739571883,8.735901342796976e-13,103949.97712862698,755999.9085145078,934269213.4685507,755999.9085145078
50%,0.0,0.16641749915024706,0.0007377103444681133,9.424620376835737e-13,112859.97683870676,820799.907354827,967456239.806402,820799.907354827
75%,0.0,0.1664273538978273,0.0007530027149790382,1.0113339410874495e-12,121769.97654878655,885599.9061951463,1000643266.1442534,885599.9061951463
max,0.0,0.1664372086454076,0.0007682950854899633,1.0802058444913256e-12,130679.97625886634,950399.9050354654,1033830292.4821047,950399.9050354654
