,level_0,index,simulation,mean_relative_community_owned_supply,mean_farmer_subsidy_factor,mean_proposing_rewards_per_newly_pledged_space,mean_proposer_reward_minus_voter_reward,cumm_rewards_before_1yr,abs_sum_storage_fees_per_sum_compute_fees,cumm_rewards
mean,9.5,9.5,0.0,0.25978178798759266,0.06294573040710427,8.665276688955481e-13,119141.30160746246,80604752.51456925,4067393044.746457,237637820.17504507
std,5.766569633025622,5.766569633025622,0.0,0.02839571791506648,0.05316151141593648,3.5640468863451033e-13,49005.81986276637,35126801.50290517,4251432957.3567715,97744461.67405373
min,0.0,0.0,0.0,0.20739467572188783,0.0010782221801004912,2.2384792898086798e-13,30762.996008009377,19266768.535569992,19803267.875045672,61369534.338343814
25%,4.75,4.75,0.0,0.23648117494867532,0.018702130040258357,5.69193617030944e-13,78252.77310351496,50938898.39661977,984164478.1236565,156087441.57727474
50%,9.5,9.5,0.0,0.261996039386586,0.04673263145259733,9.078479207865911e-13,124838.83260178045,80667255.65062872,2157640200.6805696,249026279.36414832
75%,14.25,14.25,0.0,0.284752121705128,0.09401611544628857,1.2425570931130094e-12,170831.21741979598,109379134.74720122,6605059717.215048,340731688.23543876
max,19.0,19.0,0.0,0.3090126458431368,0.2986160816566269,1.3791945687702765e-12,189616.47724416494,147167077.45160216,31215582886.81215,378199995.53651214
